<?xml version="1.0" encoding="UTF-8"?>
<project-private xmlns="http://www.netbeans.org/ns/project-private/1">
    <editor-bookmarks xmlns="http://www.netbeans.org/ns/editor-bookmarks/2" lastBookmarkId="1">
        <file>
            <url>src/gui/MyFrame.java</url>
            <bookmark id="1">
                <name/>
                <line>35</line>
                <key/>
            </bookmark>
        </file>
    </editor-bookmarks>
    <open-files xmlns="http://www.netbeans.org/ns/projectui-open-files/2">
        <group>
            <file>file:/P:/The-Medical-Resource-Management-System/backups/MedResourceManagement/src/gui/Add.java</file>
            <file>file:/P:/The-Medical-Resource-Management-System/backups/MedResourceManagement/src/medresourcemanagement/MedResourceManagement.java</file>
            <file>file:/P:/The-Medical-Resource-Management-System/backups/MedResourceManagement/src/gui/MyFrame.java</file>
            <file>file:/P:/The-Medical-Resource-Management-System/backups/MedResourceManagement/src/medresourcemanagement/Register.java</file>
            <file>file:/P:/The-Medical-Resource-Management-System/backups/MedResourceManagement/src/gui/SelectSpec.java</file>
        </group>
    </open-files>
</project-private>
